sample_id,n_chars,n_lines,trad_only,fullwidth_digit,fullwidth_alpha,cjk_latin_mix,fullwidth_punct,ascii_punct,punct_mixed,cjk_space,multi_space,indent,emoji
real_0001,275,18,1,0,0,1,6,2,1,1,0,0,0
real_0002,107,8,0,0,0,1,3,2,1,0,0,0,0
real_0003,735,23,0,0,0,1,7,9,1,0,0,0,0
real_0004,490,18,0,0,0,1,8,2,1,0,0,0,0
real_0005,1188,22,0,0,0,1,8,8,1,0,0,0,0
real_0006,398,14,51,0,0,1,10,0,0,1,0,0,0
real_0007,186,18,0,0,0,0,4,1,1,1,0,0,0
real_0008,391,18,0,0,0,0,7,0,0,0,0,0,0
real_0009,522,23,79,0,0,1,11,2,1,1,0,0,1
real_0014,131,8,0,0,0,0,0,0,0,0,0,0,0
real_0015,680,21,0,0,0,1,2,2,1,1,0,0,0
real_0016,829,15,0,0,0,0,0,3,0,0,0,0,1
real_0017,446,15,0,0,0,0,0,12,0,0,1,1,0
real_0018,295,27,0,0,0,1,5,1,1,0,0,0,0
real_0019,73,16,0,0,0,1,0,0,0,0,0,0,0
real_0020,960,45,0,0,0,1,5,11,1,0,1,0,0
real_0022,1057,38,0,0,0,1,5,9,1,0,0,0,0
real_0023,805,36,0,0,0,1,2,8,1,0,1,1,0
real_0024,788,19,0,0,0,0,0,6,0,0,1,0,0
real_0025,244,30,0,0,0,1,4,2,1,0,0,0,0
real_0026,272,13,0,0,0,0,0,2,0,0,0,0,0
real_0027,793,16,0,0,0,0,3,7,1,0,1,1,0
