seg_mode,level,model,cer,cer_fixed,sub_rate,del_rate,ins_rate,ref_len,ci_lo,ci_hi,overflow_samples
whole,P0,model_clean,0.004686,0.004686,0.004686,0.0,0.0,2134,0.004114,0.005368,0
whole,P0,model_flatten,0.015464,0.015464,0.004686,0.010778,0.0,2134,0.014712,0.016402,0
whole,P0,model_fullwidth,0.030459,0.030459,0.030459,0.0,0.0,2134,0.014136,0.049038,0
whole,P0,model_spacy,0.051546,0.051546,0.0,0.0,0.051546,2134,0.042219,0.06158,0
whole,P0,model_traditional,0.393158,0.393158,0.393158,0.0,0.0,2134,0.372594,0.411323,0
whole,P1,model_clean,0.004755,0.004686,0.004686,0.0,0.0,2103,0.004114,0.005368,0
whole,P1,model_flatten,0.004755,0.004686,0.004686,0.0,0.0,2103,0.004114,0.005368,0
whole,P1,model_fullwidth,0.030908,0.030459,0.030459,0.0,0.0,2103,0.014136,0.049038,0
whole,P1,model_spacy,0.052306,0.051546,0.0,0.0,0.051546,2103,0.042219,0.06158,0
whole,P1,model_traditional,0.398954,0.393158,0.393158,0.0,0.0,2103,0.372594,0.411323,0
whole,P2,model_clean,0.004755,0.004686,0.004686,0.0,0.0,2103,0.004114,0.005368,0
whole,P2,model_flatten,0.004755,0.004686,0.004686,0.0,0.0,2103,0.004114,0.005368,0
whole,P2,model_fullwidth,0.030908,0.030459,0.030459,0.0,0.0,2103,0.014136,0.049038,0
whole,P2,model_spacy,0.052306,0.051546,0.0,0.0,0.051546,2103,0.042219,0.06158,0
whole,P2,model_traditional,0.398954,0.393158,0.393158,0.0,0.0,2103,0.372594,0.411323,0
whole,P3,model_clean,0.004755,0.004686,0.004686,0.0,0.0,2103,0.004114,0.005368,0
whole,P3,model_flatten,0.004755,0.004686,0.004686,0.0,0.0,2103,0.004114,0.005368,0
whole,P3,model_fullwidth,0.0,0.0,0.0,0.0,0.0,2103,0.0,0.0,0
whole,P3,model_spacy,0.052306,0.051546,0.0,0.0,0.051546,2103,0.042219,0.06158,0
whole,P3,model_traditional,0.398954,0.393158,0.393158,0.0,0.0,2103,0.372594,0.411323,0
whole,P4,model_clean,0.004755,0.004686,0.004686,0.0,0.0,2103,0.004114,0.005368,0
whole,P4,model_flatten,0.004755,0.004686,0.004686,0.0,0.0,2103,0.004114,0.005368,0
whole,P4,model_fullwidth,0.0,0.0,0.0,0.0,0.0,2103,0.0,0.0,0
whole,P4,model_spacy,0.052306,0.051546,0.0,0.0,0.051546,2103,0.042219,0.06158,0
whole,P4,model_traditional,0.398954,0.393158,0.393158,0.0,0.0,2103,0.372594,0.411323,0
whole,P5,model_clean,0.004778,0.004686,0.004686,0.0,0.0,2093,0.004114,0.005368,0
whole,P5,model_flatten,0.004778,0.004686,0.004686,0.0,0.0,2093,0.004114,0.005368,0
whole,P5,model_fullwidth,0.0,0.0,0.0,0.0,0.0,2093,0.0,0.0,0
whole,P5,model_spacy,0.005256,0.005155,0.0,0.0,0.005155,2093,0.001761,0.008991,0
whole,P5,model_traditional,0.0,0.0,0.0,0.0,0.0,2093,0.0,0.0,0
para,P0,model_clean,0.004789,0.004789,0.004789,0.0,0.0,2088,0.004203,0.005485,0
para,P0,model_flatten,1.945881,1.945881,0.0,0.967433,0.978448,2088,1.935155,1.955741,0
para,P0,model_fullwidth,0.03113,0.03113,0.03113,0.0,0.0,2088,0.014454,0.050094,0
para,P0,model_spacy,0.052682,0.052682,0.0,0.0,0.052682,2088,0.043155,0.062927,0
para,P0,model_traditional,0.40182,0.40182,0.40182,0.0,0.0,2088,0.380665,0.420603,0
para,P1,model_clean,0.004808,0.004789,0.004789,0.0,0.0,2080,0.004203,0.005485,0
para,P1,model_flatten,1.945673,1.938218,0.0,0.963602,0.974617,2080,1.928571,1.947761,0
para,P1,model_fullwidth,0.03125,0.03113,0.03113,0.0,0.0,2080,0.014454,0.050094,0
para,P1,model_spacy,0.052885,0.052682,0.0,0.0,0.052682,2080,0.043155,0.062927,0
para,P1,model_traditional,0.403365,0.40182,0.40182,0.0,0.0,2080,0.380665,0.420603,0
para,P2,model_clean,0.004808,0.004789,0.004789,0.0,0.0,2080,0.004203,0.005485,0
para,P2,model_flatten,1.945673,1.938218,0.0,0.963602,0.974617,2080,1.928571,1.947761,0
para,P2,model_fullwidth,0.03125,0.03113,0.03113,0.0,0.0,2080,0.014454,0.050094,0
para,P2,model_spacy,0.052885,0.052682,0.0,0.0,0.052682,2080,0.043155,0.062927,0
para,P2,model_traditional,0.403365,0.40182,0.40182,0.0,0.0,2080,0.380665,0.420603,0
para,P3,model_clean,0.004808,0.004789,0.004789,0.0,0.0,2080,0.004203,0.005485,0
para,P3,model_flatten,1.945673,1.938218,0.0,0.963602,0.974617,2080,1.928571,1.947761,0
para,P3,model_fullwidth,0.0,0.0,0.0,0.0,0.0,2080,0.0,0.0,0
para,P3,model_spacy,0.052885,0.052682,0.0,0.0,0.052682,2080,0.043155,0.062927,0
para,P3,model_traditional,0.403365,0.40182,0.40182,0.0,0.0,2080,0.380665,0.420603,0
para,P4,model_clean,0.004808,0.004789,0.004789,0.0,0.0,2080,0.004203,0.005485,0
para,P4,model_flatten,1.945673,1.938218,0.0,0.963602,0.974617,2080,1.928571,1.947761,0
para,P4,model_fullwidth,0.0,0.0,0.0,0.0,0.0,2080,0.0,0.0,0
para,P4,model_spacy,0.052885,0.052682,0.0,0.0,0.052682,2080,0.043155,0.062927,0
para,P4,model_traditional,0.403365,0.40182,0.40182,0.0,0.0,2080,0.380665,0.420603,0
para,P5,model_clean,0.004808,0.004789,0.004789,0.0,0.0,2080,0.004203,0.005485,0
para,P5,model_flatten,1.940865,1.933429,0.0,0.963602,0.969828,2080,1.923523,1.94334,0
para,P5,model_fullwidth,0.0,0.0,0.0,0.0,0.0,2080,0.0,0.0,0
para,P5,model_spacy,0.005288,0.005268,0.0,0.0,0.005268,2080,0.001799,0.009194,0
para,P5,model_traditional,0.0,0.0,0.0,0.0,0.0,2080,0.0,0.0,0
para_merge,P0,model_clean,0.004766,0.004766,0.004766,0.0,0.0,2098,0.004186,0.005456,0
para_merge,P0,model_flatten,1.067207,1.067207,0.000953,0.530029,0.536225,2098,0.950846,1.170425,0
para_merge,P0,model_fullwidth,0.030982,0.030982,0.030982,0.0,0.0,2098,0.014385,0.04986,0
para_merge,P0,model_spacy,0.052431,0.052431,0.0,0.0,0.052431,2098,0.042956,0.062642,0
para_merge,P0,model_traditional,0.399905,0.399905,0.399905,0.0,0.0,2098,0.379029,0.418451,0
para_merge,P1,model_clean,0.004785,0.004766,0.004766,0.0,0.0,2090,0.004186,0.005456,0
para_merge,P1,model_flatten,1.069378,1.0653,0.000953,0.529075,0.535272,2090,0.950739,1.166667,0
para_merge,P1,model_fullwidth,0.0311,0.030982,0.030982,0.0,0.0,2090,0.014385,0.04986,0
para_merge,P1,model_spacy,0.052632,0.052431,0.0,0.0,0.052431,2090,0.042956,0.062642,0
para_merge,P1,model_traditional,0.401435,0.399905,0.399905,0.0,0.0,2090,0.379029,0.418451,0
para_merge,P2,model_clean,0.004785,0.004766,0.004766,0.0,0.0,2090,0.004186,0.005456,0
para_merge,P2,model_flatten,1.069378,1.0653,0.000953,0.529075,0.535272,2090,0.950739,1.166667,0
para_merge,P2,model_fullwidth,0.0311,0.030982,0.030982,0.0,0.0,2090,0.014385,0.04986,0
para_merge,P2,model_spacy,0.052632,0.052431,0.0,0.0,0.052431,2090,0.042956,0.062642,0
para_merge,P2,model_traditional,0.401435,0.399905,0.399905,0.0,0.0,2090,0.379029,0.418451,0
para_merge,P3,model_clean,0.004785,0.004766,0.004766,0.0,0.0,2090,0.004186,0.005456,0
para_merge,P3,model_flatten,1.069378,1.0653,0.000953,0.529075,0.535272,2090,0.950739,1.166667,0
para_merge,P3,model_fullwidth,0.0,0.0,0.0,0.0,0.0,2090,0.0,0.0,0
para_merge,P3,model_spacy,0.052632,0.052431,0.0,0.0,0.052431,2090,0.042956,0.062642,0
para_merge,P3,model_traditional,0.401435,0.399905,0.399905,0.0,0.0,2090,0.379029,0.418451,0
para_merge,P4,model_clean,0.004785,0.004766,0.004766,0.0,0.0,2090,0.004186,0.005456,0
para_merge,P4,model_flatten,1.069378,1.0653,0.000953,0.529075,0.535272,2090,0.950739,1.166667,0
para_merge,P4,model_fullwidth,0.0,0.0,0.0,0.0,0.0,2090,0.0,0.0,0
para_merge,P4,model_spacy,0.052632,0.052431,0.0,0.0,0.052431,2090,0.042956,0.062642,0
para_merge,P4,model_traditional,0.401435,0.399905,0.399905,0.0,0.0,2090,0.379029,0.418451,0
para_merge,P5,model_clean,0.004808,0.004766,0.004766,0.0,0.0,2080,0.004186,0.005456,0
para_merge,P5,model_flatten,1.074519,1.0653,0.000953,0.529075,0.535272,2080,0.950739,1.166667,0
para_merge,P5,model_fullwidth,0.0,0.0,0.0,0.0,0.0,2080,0.0,0.0,0
para_merge,P5,model_spacy,0.005288,0.005243,0.0,0.0,0.005243,2080,0.001791,0.009146,0
para_merge,P5,model_traditional,0.0,0.0,0.0,0.0,0.0,2080,0.0,0.0,0
