seg_mode,level,model,rank,cer_fixed,cer
whole,P0,rapidocr_v6,1,0.140943,0.140943
whole,P0,rapidocr_v3_起草偏倚对照,2,0.185605,0.185605
whole,P0,windows_ocr,3,0.65198,0.65198
whole,P0,ddddocr,4,0.96032,0.96032
whole,P1,rapidocr_v6,1,0.114232,0.117408
whole,P1,rapidocr_v3_起草偏倚对照,2,0.157348,0.161723
whole,P1,windows_ocr,3,0.612127,0.629149
whole,P1,ddddocr,4,0.931633,0.957539
whole,P2,rapidocr_v6,1,0.113888,0.117055
whole,P2,rapidocr_v3_起草偏倚对照,2,0.155974,0.160311
whole,P2,windows_ocr,3,0.607318,0.624206
whole,P2,ddddocr,4,0.93086,0.956744
whole,P3,rapidocr_v6,1,0.110195,0.113259
whole,P3,rapidocr_v3_起草偏倚对照,2,0.14936,0.153513
whole,P3,windows_ocr,3,0.59495,0.611494
whole,P3,ddddocr,4,0.930774,0.956656
whole,P4,rapidocr_v6,1,0.109766,0.112818
whole,P4,rapidocr_v3_起草偏倚对照,2,0.148759,0.152895
whole,P4,windows_ocr,3,0.591944,0.608404
whole,P4,ddddocr,4,0.930774,0.956656
whole,P5,rapidocr_v6,1,0.103753,0.108458
whole,P5,rapidocr_v3_起草偏倚对照,2,0.142575,0.149039
whole,P5,windows_ocr,3,0.429786,0.449273
whole,P5,ddddocr,4,0.912737,0.954121
